lead_id,lead_created_date,lead_source,industry,region,mql_date,qualified_date,converted_customer_id
L00001,2025-07-19,Paid Search,Manufacturing,West,,,
L00002,2025-02-25,Partner,Retail,Midwest,2025-03-03,,
L00003,2025-10-08,Event,Professional Services,West,2025-10-26,2025-11-02,C0082
L00004,2026-03-25,Referral,Retail,Southeast,,,
L00005,2026-03-11,Event,Professional Services,Southeast,2026-03-30,2026-04-09,C0268
L00006,2025-08-20,Paid Search,Manufacturing,West,2025-09-03,2025-09-10,C0205
L00007,2025-10-31,Referral,Professional Services,Southeast,,,
L00008,2025-04-18,Partner,Retail,Southeast,,,
L00009,2026-07-09,Partner,Professional Services,West,2026-07-16,2026-07-27,C0078
L00010,2025-10-19,Partner,Professional Services,Midwest,,,
L00011,2025-10-10,Paid Search,Technology,Southeast,2025-10-21,2025-10-26,C0021
L00012,2026-06-08,Event,Manufacturing,Southeast,2026-06-24,2026-06-18,C0059
L00013,2025-10-23,Outbound,Healthcare,Northeast,,,
L00014,2025-06-29,Outbound,Financial Services,Northeast,2025-07-04,2025-07-10,
L00015,2026-01-21,Paid Search,Professional Services,West,,,
L00016,2025-12-27,Event,Retail,Midwest,2026-01-08,,
L00017,2025-01-06,Organic Search,Technology,Southeast,2025-01-22,2025-01-27,
L00018,2026-04-18,Outbound,Healthcare,Southeast,2026-05-05,2026-05-08,
L00019,2025-12-31,Organic Search,Healthcare,Northeast,2026-01-09,2026-02-04,C0069
L00020,2026-03-07,Outbound,Financial Services,West,2026-03-11,2026-03-15,C0298
L00021,2025-07-10,Event,Professional Services,Northeast,2025-07-15,,
L00022,2025-06-26,Event,Retail,West,,,
L00023,2026-01-12,Partner,Professional Services,West,,,
L00024,2026-04-12,Organic Search,Manufacturing,Northeast,2026-04-15,2026-05-07,C0188
L00025,2025-10-30,Organic Search,Professional Services,Midwest,,,
L00026,2026-06-14,Paid Search,Technology,Northeast,,,
L00027,2025-01-02,Referral,Retail,West,,,
L00028,2025-01-04,Partner,Financial Services,West,2025-01-22,,
L00029,2026-05-27,Referral,Healthcare,Midwest,2026-06-06,2026-06-27,
L00030,2025-02-23,Partner,Manufacturing,Northeast,,,
L00031,2026-03-17,Outbound,Healthcare,West,,,
L00032,2025-08-09,Outbound,Professional Services,Southeast,,,
L00033,2025-09-28,Paid Search,Manufacturing,Midwest,2025-10-14,2025-10-22,
L00034,2025-04-30,Event,Technology,Midwest,,,
L00035,2025-03-06,Paid Search,Healthcare,West,,,
L00036,2025-01-11,Paid Search,Financial Services,Southeast,2025-01-19,2025-02-15,
L00037,2025-04-03,Referral,Professional Services,Midwest,,,
L00038,2026-05-18,Organic Search,Financial Services,Midwest,2026-06-03,2026-06-06,
L00039,2025-10-12,Partner,Technology,Southeast,,,
L00040,2025-11-14,Organic Search,Retail,Southeast,,,
L00041,2026-06-26,Organic Search,Manufacturing,Southeast,2026-07-08,2026-07-24,
L00042,2025-01-01,Organic Search,Healthcare,Southeast,2025-01-10,,
L00043,2025-11-28,Referral,Technology,Midwest,2025-12-07,,
L00044,2025-06-14,Partner,Financial Services,Northeast,2025-06-22,2025-06-24,C0136
L00045,2025-10-26,Paid Search,Professional Services,West,2025-11-10,2025-11-04,
L00046,2025-07-13,Event,Technology,Southeast,2025-07-20,,
L00047,2026-02-03,Referral,Technology,Midwest,2026-02-22,2026-02-27,
L00048,2025-10-30,Partner,Retail,Southeast,2025-11-04,,
L00049,2026-05-07,Referral,Technology,Midwest,2026-05-10,,
L00050,2025-05-27,Outbound,Manufacturing,Midwest,2025-06-06,2025-06-16,C0292
L00051,2025-04-21,Event,Financial Services,Midwest,2025-05-04,2025-05-04,
L00052,2025-08-28,Event,Retail,Midwest,2025-09-15,2025-09-30,C0044
L00053,2025-02-07,Paid Search,Retail,Midwest,,,
L00054,2025-03-17,Partner,Manufacturing,Midwest,,,
L00055,2025-02-25,Event,Manufacturing,Midwest,,,
L00056,2025-12-13,Paid Search,Financial Services,Southeast,,,
L00057,2025-11-24,Event,Financial Services,Northeast,2025-12-04,2025-12-28,C0094
L00058,2025-09-19,Paid Search,Healthcare,Midwest,,,
L00059,2025-09-18,Organic Search,Manufacturing,West,2025-09-20,2025-09-28,
L00060,2025-12-23,Partner,Professional Services,Northeast,2026-01-11,2026-01-02,C0151
L00061,2026-02-03,Partner,Financial Services,Midwest,2026-02-18,2026-02-25,
L00062,2025-04-05,Partner,Technology,Midwest,2025-04-16,2025-04-17,
L00063,2025-03-16,Organic Search,Technology,Southeast,2025-03-20,,
L00064,2026-01-27,Partner,Financial Services,West,,,
L00065,2025-07-03,Organic Search,Manufacturing,Northeast,2025-07-22,,
L00066,2025-10-14,Organic Search,Manufacturing,Midwest,,,
L00067,2025-04-28,Referral,Financial Services,Midwest,2025-05-02,,
L00068,2026-02-07,Outbound,Retail,Northeast,2026-02-15,2026-03-06,
L00069,2025-08-16,Outbound,Financial Services,Midwest,,,
L00070,2026-07-25,Event,Technology,West,2026-08-12,2026-08-03,C0206
L00071,2026-03-14,Event,Financial Services,Midwest,2026-03-30,2026-03-31,
L00072,2025-04-22,Event,Manufacturing,West,,,
L00073,2025-03-29,Referral,Manufacturing,West,2025-04-07,2025-04-14,C0219
L00074,2026-06-17,Event,Healthcare,Southeast,,,
L00075,2026-02-25,Partner,Financial Services,West,2026-03-09,,
L00076,2025-03-11,Event,Manufacturing,West,2025-03-18,2025-03-23,
L00077,2025-01-09,Paid Search,Financial Services,West,2025-01-20,2025-02-01,C0189
L00078,2025-08-03,Event,Manufacturing,Southeast,2025-08-17,2025-09-02,
L00079,2025-12-31,Outbound,Financial Services,West,,,
L00080,2025-04-02,Referral,Retail,West,,,
L00081,2025-04-20,Partner,Professional Services,West,2025-05-07,2025-05-21,C0179
L00082,2025-07-09,Event,Healthcare,Midwest,,,
L00083,2025-03-06,Outbound,Technology,Northeast,,,
L00084,2026-07-12,Organic Search,Financial Services,Northeast,,,
L00085,2025-01-21,Paid Search,Financial Services,Midwest,2025-02-02,,
L00086,2025-12-16,Event,Healthcare,Southeast,,,
L00087,2026-07-26,Outbound,Retail,Northeast,2026-08-10,,
L00088,2025-02-14,Paid Search,Manufacturing,Northeast,2025-03-03,2025-03-16,
L00089,2025-11-05,Outbound,Retail,Northeast,2025-11-07,,
L00090,2025-07-24,Paid Search,Professional Services,Midwest,,,
L00091,2025-06-21,Partner,Financial Services,Southeast,2025-07-02,2025-07-23,
L00092,2025-02-02,Event,Healthcare,Northeast,,,
L00093,2026-02-11,Event,Healthcare,Southeast,2026-02-23,2026-03-11,
L00094,2025-10-24,Paid Search,Retail,Northeast,2025-11-11,2025-11-12,
L00095,2025-05-15,Event,Professional Services,West,2025-05-28,2025-06-06,
L00096,2025-08-15,Referral,Technology,Northeast,2025-08-18,,
L00097,2025-02-23,Organic Search,Manufacturing,Midwest,2025-03-06,,
L00098,2026-07-24,Organic Search,Manufacturing,West,2026-08-07,,
L00099,2025-04-04,Partner,Financial Services,Midwest,,,
L00100,2025-03-23,Paid Search,Financial Services,Midwest,2025-04-05,,
L00101,2025-01-12,Partner,Technology,Southeast,2025-01-18,2025-02-09,
L00102,2025-05-06,Outbound,Healthcare,Midwest,2025-05-08,2025-05-23,
L00103,2025-09-10,Outbound,Financial Services,Southeast,2025-09-23,2025-09-28,C0277
L00104,2025-04-27,Event,Retail,Southeast,2025-05-14,,
L00105,2025-09-14,Outbound,Retail,Southeast,2025-10-03,,
L00106,2026-06-21,Event,Financial Services,Northeast,2026-06-30,2026-07-23,C0072
L00107,2025-12-20,Referral,Technology,West,,,
L00108,2025-09-05,Organic Search,Healthcare,Midwest,,,
L00109,2026-04-19,Paid Search,Healthcare,Northeast,2026-05-04,2026-05-09,
L00110,2025-07-02,Organic Search,Financial Services,Southeast,2025-07-05,,
L00111,2025-09-01,Organic Search,Retail,Midwest,,,
L00112,2026-07-21,Organic Search,Professional Services,Midwest,2026-08-08,,
L00113,2025-04-29,Outbound,Financial Services,Northeast,,,
L00114,2026-01-08,Paid Search,Professional Services,Midwest,,,
L00115,2025-03-21,Partner,Financial Services,Midwest,2025-03-25,,
L00116,2025-10-17,Partner,Professional Services,West,,,
L00117,2025-07-09,Event,Technology,Southeast,,,
L00118,2025-11-10,Event,Healthcare,Southeast,2025-11-24,2025-11-21,
L00119,2025-07-13,Paid Search,Technology,Midwest,,,
L00120,2025-02-26,Event,Financial Services,West,,,
L00121,2025-11-06,Referral,Manufacturing,Northeast,,,
L00122,2025-04-07,Referral,Retail,Southeast,,,
L00123,2026-06-24,Outbound,Financial Services,Midwest,2026-06-27,2026-07-08,
L00124,2025-09-21,Organic Search,Manufacturing,West,2025-10-07,2025-10-25,
L00125,2026-03-15,Outbound,Financial Services,West,2026-03-18,,
L00126,2025-11-05,Organic Search,Manufacturing,Northeast,,,
L00127,2025-08-31,Outbound,Professional Services,Northeast,2025-09-17,2025-09-20,
L00128,2025-01-06,Event,Manufacturing,Northeast,2025-01-23,2025-01-23,C0046
L00129,2025-12-14,Referral,Retail,Southeast,2025-12-22,,
L00130,2026-07-22,Paid Search,Manufacturing,Northeast,2026-08-09,2026-07-30,
L00131,2025-05-24,Referral,Financial Services,Northeast,2025-05-29,,
L00132,2025-09-10,Organic Search,Professional Services,West,,,
L00133,2025-09-09,Paid Search,Technology,West,2025-09-17,2025-09-25,
L00134,2025-12-28,Paid Search,Financial Services,Northeast,2026-01-09,,
L00135,2025-07-07,Referral,Professional Services,Northeast,2025-07-17,,
L00136,2025-07-14,Outbound,Financial Services,West,,,
L00137,2026-01-26,Referral,Manufacturing,Northeast,2026-02-05,,
L00138,2025-03-20,Referral,Technology,Midwest,,,
L00139,2026-02-20,Paid Search,Healthcare,Northeast,,,
L00140,2026-07-30,Referral,Retail,West,2026-08-14,,
L00141,2026-05-28,Partner,Retail,Northeast,2026-06-15,,
L00142,2026-07-05,Event,Healthcare,Southeast,2026-07-18,,
L00143,2026-06-26,Outbound,Healthcare,West,,,
L00144,2026-03-07,Partner,Healthcare,Midwest,2026-03-13,2026-03-20,
L00145,2025-03-13,Paid Search,Professional Services,West,,,
L00146,2025-08-21,Referral,Retail,Southeast,2025-08-31,,
L00147,2026-02-27,Event,Retail,Northeast,,,
L00148,2025-04-25,Partner,Professional Services,Northeast,2025-05-05,,
L00149,2025-05-30,Referral,Manufacturing,Southeast,2025-06-07,2025-06-20,C0106
L00150,2025-07-05,Organic Search,Manufacturing,Southeast,2025-07-13,2025-08-09,
L00151,2025-10-29,Event,Healthcare,Southeast,,,
L00152,2025-12-18,Organic Search,Healthcare,Southeast,2026-01-02,,
L00153,2025-05-21,Paid Search,Retail,West,2025-05-24,,
L00154,2025-04-16,Organic Search,Technology,Northeast,2025-04-29,,
L00155,2025-08-03,Organic Search,Healthcare,West,2025-08-19,,
L00156,2025-03-22,Partner,Healthcare,Southeast,2025-04-04,2025-04-20,
L00157,2026-06-20,Paid Search,Healthcare,Southeast,2026-06-25,2026-07-04,
L00158,2026-01-15,Partner,Professional Services,Northeast,2026-01-30,2026-02-06,
L00159,2025-10-17,Referral,Healthcare,Midwest,2025-10-24,2025-11-01,
L00160,2026-02-15,Referral,Retail,West,2026-02-17,,
L00161,2026-03-27,Organic Search,Professional Services,West,,,
L00162,2026-06-15,Organic Search,Technology,Northeast,,,
L00163,2025-05-16,Organic Search,Financial Services,Southeast,2025-05-26,2025-06-17,
L00164,2025-07-07,Organic Search,Healthcare,West,2025-07-18,,
L00165,2025-01-21,Referral,Retail,Southeast,2025-01-24,2025-02-12,
L00166,2025-08-16,Organic Search,Professional Services,Northeast,2025-08-30,,
L00167,2025-06-27,Outbound,Professional Services,Southeast,,,
L00168,2025-11-25,Outbound,Financial Services,West,,,
L00169,2025-09-24,Organic Search,Technology,Midwest,2025-10-08,,
L00170,2025-08-02,Referral,Healthcare,West,2025-08-05,2025-09-06,
L00171,2025-07-28,Event,Manufacturing,Midwest,,,
L00172,2025-08-28,Organic Search,Professional Services,Midwest,2025-09-13,,
L00173,2025-07-28,Partner,Technology,Southeast,2025-08-01,,
L00174,2025-09-13,Partner,Technology,Midwest,2025-09-18,2025-10-12,C0227
L00175,2026-02-21,Outbound,Financial Services,Southeast,2026-03-12,,
L00176,2026-02-16,Paid Search,Professional Services,West,2026-03-06,,
L00177,2026-03-30,Outbound,Healthcare,Southeast,,,
L00178,2026-06-24,Event,Manufacturing,Northeast,,,
L00179,2025-02-16,Outbound,Retail,West,,,
L00180,2025-03-16,Organic Search,Healthcare,Midwest,,,
L00181,2025-05-29,Referral,Professional Services,Southeast,2025-06-04,,
L00182,2025-06-11,Organic Search,Retail,Northeast,,,
L00183,2025-01-30,Organic Search,Retail,Midwest,2025-02-18,,
L00184,2026-03-25,Paid Search,Financial Services,West,2026-04-05,,
L00185,2026-04-14,Partner,Technology,Northeast,2026-04-24,2026-05-19,C0137
L00186,2025-01-15,Referral,Technology,Northeast,,,
L00187,2026-07-08,Outbound,Healthcare,West,2026-07-23,2026-08-07,
L00188,2025-12-15,Organic Search,Retail,Northeast,,,
L00189,2026-02-24,Referral,Professional Services,Northeast,2026-03-07,,
L00190,2025-06-29,Partner,Professional Services,Southeast,2025-07-12,2025-07-31,
L00191,2025-01-15,Partner,Professional Services,West,,,
L00192,2025-01-30,Referral,Manufacturing,Southeast,2025-02-09,2025-02-14,C0108
L00193,2026-02-25,Referral,Financial Services,Midwest,,,
L00194,2025-03-02,Event,Professional Services,Northeast,,,
L00195,2025-08-03,Partner,Professional Services,West,,,
L00196,2025-05-10,Referral,Manufacturing,Southeast,2025-05-23,,
L00197,2025-11-15,Event,Financial Services,Northeast,2025-11-24,2025-12-01,
L00198,2025-06-18,Paid Search,Financial Services,West,,,
L00199,2026-06-12,Paid Search,Financial Services,Northeast,2026-06-22,2026-07-06,C0126
L00200,2025-04-17,Paid Search,Retail,Northeast,2025-04-29,2025-04-27,
L00201,2026-07-04,Paid Search,Technology,Southeast,2026-07-14,2026-08-02,
L00202,2025-06-14,Paid Search,Manufacturing,Northeast,,,
L00203,2026-04-10,Referral,Professional Services,Southeast,2026-04-21,,
L00204,2026-03-05,Outbound,Manufacturing,Midwest,2026-03-07,,
L00205,2026-03-07,Partner,Retail,West,2026-03-14,,
L00206,2026-02-02,Referral,Technology,Midwest,,,
L00207,2025-02-17,Event,Financial Services,West,,,
L00208,2025-12-13,Referral,Financial Services,Northeast,2026-01-01,2026-01-09,C0171
L00209,2025-12-22,Organic Search,Manufacturing,Northeast,,,
L00210,2025-11-22,Event,Manufacturing,West,2025-12-11,2025-12-14,
L00211,2025-01-16,Partner,Manufacturing,West,2025-02-04,2025-01-24,
L00212,2026-07-29,Outbound,Financial Services,Southeast,2026-08-06,2026-08-28,
L00213,2026-06-16,Partner,Healthcare,Midwest,,,
L00214,2026-06-12,Referral,Technology,Midwest,2026-06-30,2026-06-25,C0144
L00215,2025-09-24,Organic Search,Technology,Northeast,2025-10-08,2025-10-16,C0282
L00216,2025-02-08,Referral,Healthcare,Northeast,2025-02-26,2025-03-04,
L00217,2026-03-25,Organic Search,Professional Services,Northeast,2026-03-30,2026-04-13,C0053
L00218,2026-07-07,Referral,Healthcare,Southeast,2026-07-13,2026-08-01,C0052
L00219,2025-12-08,Organic Search,Technology,Midwest,,,
L00220,2025-04-09,Event,Healthcare,West,2025-04-28,,
L00221,2025-02-26,Paid Search,Manufacturing,Midwest,2025-03-05,,
L00222,2025-04-27,Organic Search,Financial Services,Southeast,2025-05-08,,
L00223,2025-05-16,Outbound,Retail,Southeast,2025-05-27,,
L00224,2025-06-07,Referral,Healthcare,Northeast,2025-06-10,2025-07-01,C0294
L00225,2025-07-05,Paid Search,Technology,Northeast,,,
L00226,2026-01-04,Outbound,Healthcare,Northeast,2026-01-14,,
L00227,2026-01-06,Partner,Technology,Northeast,2026-01-24,2026-01-23,
L00228,2025-04-11,Event,Manufacturing,Midwest,2025-04-14,,
L00229,2025-01-29,Outbound,Financial Services,Northeast,,,
L00230,2026-06-09,Event,Manufacturing,Southeast,2026-06-28,,
L00231,2025-09-16,Referral,Financial Services,Southeast,,,
L00232,2025-03-21,Organic Search,Financial Services,Southeast,,,
L00233,2025-01-31,Outbound,Healthcare,West,,,
L00234,2025-11-19,Referral,Technology,West,2025-12-07,,
L00235,2026-02-04,Paid Search,Retail,Northeast,2026-02-13,,
L00236,2025-06-16,Outbound,Healthcare,Midwest,2025-06-21,,
L00237,2025-01-28,Outbound,Professional Services,Northeast,2025-02-04,2025-02-19,C0100
L00238,2025-09-24,Referral,Healthcare,Southeast,,,
L00239,2026-07-26,Event,Retail,Southeast,2026-08-03,2026-08-10,
L00240,2026-01-06,Organic Search,Retail,Southeast,2026-01-09,,
L00241,2025-01-09,Partner,Financial Services,Midwest,,,
L00242,2025-07-31,Partner,Technology,Midwest,,,
L00243,2025-02-28,Organic Search,Professional Services,West,,,
L00244,2026-04-08,Partner,Manufacturing,Midwest,2026-04-16,2026-04-20,
L00245,2026-01-09,Paid Search,Technology,Southeast,2026-01-22,2026-02-02,
L00246,2026-07-07,Partner,Technology,West,2026-07-18,,
L00247,2025-01-28,Organic Search,Professional Services,Midwest,2025-02-15,2025-02-23,C0100
L00248,2025-07-24,Referral,Healthcare,West,2025-08-07,2025-08-23,
L00249,2025-09-30,Referral,Retail,Northeast,2025-10-09,2025-10-26,C0031
L00250,2025-01-27,Paid Search,Technology,Northeast,2025-02-04,2025-02-21,
L00251,2026-02-18,Organic Search,Professional Services,Midwest,2026-02-20,2026-03-16,
L00252,2026-06-27,Paid Search,Retail,Midwest,2026-07-03,2026-07-18,
L00253,2025-05-08,Outbound,Retail,West,2025-05-15,,
L00254,2025-10-31,Event,Manufacturing,Midwest,,,
L00255,2025-01-23,Partner,Professional Services,Southeast,2025-02-01,,
L00256,2025-12-28,Outbound,Technology,Northeast,,,
L00257,2025-04-04,Referral,Healthcare,West,2025-04-13,,
L00258,2026-04-17,Event,Manufacturing,Midwest,2026-05-03,2026-04-30,
L00259,2026-05-11,Paid Search,Professional Services,Midwest,2026-05-20,2026-06-02,
L00260,2025-03-20,Outbound,Professional Services,West,2025-04-01,2025-04-19,
L00261,2025-04-14,Partner,Healthcare,Northeast,2025-05-01,,
L00262,2025-09-17,Organic Search,Financial Services,Southeast,2025-09-30,2025-10-11,
L00263,2026-04-09,Partner,Financial Services,Southeast,,,
L00264,2026-02-11,Outbound,Professional Services,West,2026-02-18,2026-03-10,C0073
L00265,2025-10-29,Referral,Manufacturing,Southeast,,,
L00266,2026-01-01,Event,Manufacturing,Southeast,,,
L00267,2025-07-18,Event,Healthcare,Southeast,2025-07-31,2025-08-18,C0054
L00268,2025-05-15,Partner,Financial Services,West,2025-05-20,,
L00269,2026-03-04,Event,Technology,West,2026-03-22,2026-03-18,
L00270,2026-03-30,Referral,Retail,West,2026-04-01,2026-04-07,C0022
L00271,2025-05-10,Organic Search,Financial Services,Northeast,,,
L00272,2025-11-03,Referral,Financial Services,West,2025-11-08,,
L00273,2026-02-07,Referral,Retail,Midwest,2026-02-10,2026-02-27,
L00274,2025-03-04,Partner,Healthcare,Southeast,2025-03-14,,
L00275,2025-05-20,Partner,Professional Services,Southeast,2025-05-26,,
L00276,2026-02-13,Event,Financial Services,Midwest,2026-02-18,2026-03-13,C0241
L00277,2026-04-20,Partner,Healthcare,West,2026-04-30,,
L00278,2025-10-17,Referral,Financial Services,West,2025-10-22,2025-10-31,
L00279,2025-05-20,Partner,Professional Services,Northeast,2025-05-24,2025-06-01,
L00280,2025-01-14,Partner,Manufacturing,Southeast,,,
L00281,2025-03-31,Referral,Manufacturing,Northeast,,,
L00282,2026-04-03,Partner,Technology,Southeast,2026-04-16,2026-04-20,C0161
L00283,2025-06-16,Paid Search,Financial Services,Midwest,2025-06-22,2025-07-14,C0180
L00284,2025-10-30,Event,Professional Services,Midwest,2025-11-15,2025-11-08,
L00285,2025-02-06,Paid Search,Manufacturing,West,2025-02-25,2025-02-24,
L00286,2025-10-02,Organic Search,Healthcare,Southeast,,,
L00287,2025-09-30,Referral,Technology,Northeast,,,
L00288,2026-02-03,Organic Search,Financial Services,Northeast,,,
L00289,2026-05-11,Paid Search,Technology,Northeast,2026-05-23,2026-06-11,
L00290,2026-06-15,Partner,Retail,Northeast,2026-06-24,2026-06-30,
L00291,2026-02-25,Organic Search,Healthcare,Midwest,,,
L00292,2025-01-05,Referral,Manufacturing,Northeast,2025-01-14,,
L00293,2026-06-03,Referral,Manufacturing,Southeast,2026-06-15,,
L00294,2026-02-21,Organic Search,Manufacturing,Southeast,,,
L00295,2025-12-10,Organic Search,Healthcare,Midwest,,,
L00296,2025-04-11,Organic Search,Manufacturing,Midwest,2025-04-16,2025-04-29,
L00297,2025-05-28,Paid Search,Manufacturing,West,2025-06-15,2025-06-13,
L00298,2025-07-13,Paid Search,Financial Services,Southeast,2025-07-24,,
L00299,2025-01-07,Organic Search,Financial Services,West,2025-01-14,,
L00300,2025-04-26,Outbound,Healthcare,Southeast,,,
L00301,2025-10-15,Partner,Professional Services,West,2025-10-24,2025-11-07,C0049
L00302,2025-04-27,Organic Search,Technology,Northeast,2025-05-14,,
L00303,2025-02-03,Organic Search,Retail,Northeast,2025-02-21,,
L00304,2026-01-09,Paid Search,Retail,Southeast,,,
L00305,2026-07-02,Partner,Financial Services,Northeast,2026-07-20,2026-07-29,
L00306,2025-12-24,Referral,Financial Services,Midwest,,,
L00307,2026-06-24,Referral,Retail,Southeast,2026-07-06,,
L00308,2026-02-25,Partner,Financial Services,Northeast,,,
L00309,2025-11-03,Outbound,Technology,Midwest,,,
L00310,2025-03-30,Paid Search,Financial Services,Midwest,,,
L00311,2026-01-14,Referral,Professional Services,Northeast,,,
L00312,2025-02-01,Event,Healthcare,Northeast,2025-02-09,2025-03-05,
L00313,2025-03-28,Event,Manufacturing,Northeast,2025-04-07,,
L00314,2025-07-21,Organic Search,Financial Services,West,2025-07-30,,
L00315,2025-04-13,Paid Search,Manufacturing,Northeast,2025-04-18,2025-05-01,
L00316,2025-06-28,Paid Search,Financial Services,West,,,
L00317,2025-11-12,Referral,Retail,Midwest,,,
L00318,2025-07-03,Organic Search,Retail,Northeast,,,
L00319,2025-10-31,Paid Search,Manufacturing,Southeast,,,
L00320,2026-01-02,Organic Search,Technology,Southeast,2026-01-10,2026-01-23,
L00321,2025-05-15,Referral,Professional Services,Northeast,2025-05-27,2025-06-09,
L00322,2026-04-08,Referral,Technology,Northeast,2026-04-11,,
L00323,2025-08-29,Referral,Professional Services,Southeast,2025-09-17,2025-09-16,
L00324,2026-01-09,Organic Search,Technology,Midwest,,,
L00325,2026-04-26,Partner,Healthcare,Midwest,,,
L00326,2025-01-26,Organic Search,Professional Services,Northeast,,,
L00327,2026-06-07,Event,Technology,Midwest,,,
L00328,2025-01-16,Paid Search,Professional Services,West,,,
L00329,2025-07-03,Partner,Financial Services,Midwest,,,
L00330,2026-05-12,Organic Search,Manufacturing,Northeast,,,
L00331,2026-04-28,Event,Professional Services,Southeast,2026-05-12,2026-05-14,
L00332,2025-01-01,Event,Professional Services,Midwest,,,
L00333,2025-09-06,Paid Search,Professional Services,Midwest,,,
L00334,2026-06-10,Outbound,Manufacturing,Southeast,2026-06-14,2026-07-08,
L00335,2026-04-22,Organic Search,Financial Services,Midwest,2026-04-26,2026-05-23,C0045
L00336,2025-04-20,Organic Search,Financial Services,West,2025-04-25,2025-04-29,
L00337,2026-06-25,Paid Search,Retail,West,2026-07-09,,
L00338,2026-04-24,Organic Search,Professional Services,West,,,
L00339,2025-07-16,Paid Search,Financial Services,Southeast,2025-07-20,2025-08-07,C0014
L00340,2025-02-05,Organic Search,Retail,Southeast,2025-02-13,2025-02-27,C0188
L00341,2025-03-27,Event,Retail,Midwest,2025-04-03,,
L00342,2025-01-08,Referral,Healthcare,Midwest,2025-01-21,2025-01-21,
L00343,2025-01-09,Referral,Healthcare,Midwest,,,
L00344,2026-01-13,Referral,Healthcare,Southeast,2026-01-29,2026-01-31,
L00345,2025-01-06,Paid Search,Manufacturing,Midwest,2025-01-23,,
L00346,2025-09-18,Event,Technology,Northeast,2025-09-28,,
L00347,2025-09-16,Paid Search,Manufacturing,Southeast,2025-09-28,2025-10-20,
L00348,2025-03-13,Partner,Financial Services,Midwest,,,
L00349,2026-03-14,Outbound,Financial Services,Midwest,2026-03-29,,
L00350,2025-11-11,Partner,Professional Services,Northeast,2025-11-29,2025-11-26,
L00351,2025-08-12,Outbound,Professional Services,West,2025-08-16,,
L00352,2025-01-03,Event,Healthcare,Northeast,,,
L00353,2025-11-02,Partner,Healthcare,Southeast,,,
L00354,2026-01-23,Organic Search,Manufacturing,West,2026-02-11,,
L00355,2026-05-28,Outbound,Technology,Midwest,2026-06-01,2026-06-16,C0296
L00356,2025-04-04,Partner,Healthcare,Northeast,2025-04-11,,
L00357,2026-04-01,Referral,Manufacturing,Southeast,2026-04-08,2026-04-17,
L00358,2026-05-04,Partner,Manufacturing,Midwest,2026-05-18,,
L00359,2026-02-24,Paid Search,Technology,Northeast,2026-03-09,,
L00360,2025-06-15,Referral,Technology,Midwest,2025-06-30,,
L00361,2025-06-21,Outbound,Financial Services,West,2025-06-28,,
L00362,2026-03-21,Referral,Professional Services,Northeast,,,
L00363,2026-07-25,Referral,Manufacturing,West,,,
L00364,2026-01-28,Event,Technology,Northeast,,,
L00365,2026-04-17,Organic Search,Manufacturing,Midwest,,,
L00366,2025-01-27,Outbound,Manufacturing,West,2025-02-07,2025-02-04,
L00367,2026-01-01,Referral,Technology,Midwest,2026-01-09,,
L00368,2025-10-09,Referral,Healthcare,Northeast,2025-10-11,,
L00369,2026-04-25,Organic Search,Technology,Northeast,2026-05-07,2026-05-20,
L00370,2025-12-02,Outbound,Financial Services,Southeast,2025-12-16,2025-12-11,
L00371,2026-02-26,Paid Search,Retail,Southeast,2026-03-17,2026-03-31,C0197
L00372,2025-07-17,Outbound,Retail,West,,,
L00373,2025-09-02,Referral,Retail,Southeast,2025-09-06,2025-09-17,
L00374,2025-02-23,Organic Search,Financial Services,Northeast,2025-02-28,,
L00375,2025-04-19,Referral,Manufacturing,Southeast,2025-04-24,2025-05-17,
L00376,2026-07-25,Paid Search,Professional Services,Northeast,2026-08-07,2026-08-16,C0229
L00377,2025-10-30,Paid Search,Healthcare,Northeast,,,
L00378,2026-04-19,Organic Search,Retail,West,2026-04-22,,
L00379,2025-11-02,Organic Search,Manufacturing,West,2025-11-12,,
L00380,2025-05-11,Organic Search,Retail,Southeast,,,
L00381,2025-04-05,Referral,Manufacturing,Southeast,,,
L00382,2025-08-17,Event,Retail,Northeast,,,
L00383,2026-05-18,Referral,Manufacturing,Northeast,2026-05-23,2026-06-04,C0180
L00384,2025-08-26,Outbound,Financial Services,Southeast,,,
L00385,2025-02-19,Event,Professional Services,Midwest,2025-02-21,2025-03-23,C0156
L00386,2025-12-17,Event,Technology,Midwest,2025-12-22,,
L00387,2025-02-03,Event,Financial Services,West,,,
L00388,2025-07-03,Paid Search,Professional Services,Southeast,2025-07-12,2025-07-11,
L00389,2025-07-26,Organic Search,Financial Services,Southeast,2025-08-07,2025-08-22,
L00390,2025-05-23,Outbound,Healthcare,West,,,
L00391,2025-09-27,Paid Search,Technology,West,2025-10-10,,
L00392,2026-03-06,Referral,Healthcare,Northeast,2026-03-20,,
L00393,2025-09-30,Partner,Professional Services,Southeast,,,
L00394,2026-07-25,Organic Search,Manufacturing,West,,,
L00395,2025-04-18,Referral,Retail,Midwest,2025-04-23,,
L00396,2025-10-07,Organic Search,Retail,Northeast,,,
L00397,2025-06-21,Referral,Retail,Northeast,,,
L00398,2025-07-03,Partner,Financial Services,Southeast,2025-07-06,2025-07-11,C0082
L00399,2025-01-01,Organic Search,Manufacturing,Northeast,,,
L00400,2025-06-10,Event,Professional Services,Midwest,,,
L00401,2026-07-10,Event,Healthcare,West,2026-07-21,2026-08-04,
L00402,2025-05-13,Organic Search,Retail,Midwest,2025-05-18,2025-06-06,C0285
L00403,2025-10-16,Outbound,Retail,Northeast,2025-11-03,,
L00404,2026-06-28,Event,Retail,Northeast,2026-07-16,2026-07-22,
L00405,2025-10-10,Partner,Technology,Southeast,2025-10-23,2025-11-02,
L00406,2026-06-03,Referral,Manufacturing,Northeast,,,
L00407,2025-08-01,Outbound,Professional Services,West,,,
L00408,2026-05-19,Referral,Technology,Southeast,2026-06-01,,
L00409,2025-02-02,Referral,Technology,Southeast,,,
L00410,2025-10-25,Organic Search,Financial Services,Midwest,2025-11-09,,
L00411,2026-01-01,Outbound,Technology,West,,,
L00412,2026-04-10,Paid Search,Technology,West,2026-04-27,2026-05-13,C0054
L00413,2026-06-13,Partner,Technology,Midwest,2026-06-21,,
L00414,2025-02-23,Event,Financial Services,Northeast,,,
L00415,2025-01-18,Referral,Healthcare,Northeast,2025-01-29,2025-02-15,C0292
L00416,2025-02-17,Partner,Professional Services,Midwest,2025-03-07,2025-02-28,C0219
L00417,2025-07-02,Organic Search,Technology,Midwest,2025-07-20,2025-07-24,
L00418,2025-05-08,Outbound,Financial Services,Midwest,,,
L00419,2025-09-13,Outbound,Retail,Midwest,2025-09-21,,
L00420,2026-05-31,Paid Search,Manufacturing,West,2026-06-11,2026-06-27,C0286
L00421,2025-06-26,Organic Search,Professional Services,Midwest,2025-07-01,2025-07-30,C0135
L00422,2025-07-05,Paid Search,Financial Services,Southeast,2025-07-21,,
L00423,2025-10-09,Referral,Manufacturing,Northeast,2025-10-12,,
L00424,2026-03-01,Referral,Retail,West,2026-03-07,,
L00425,2025-02-01,Organic Search,Retail,Southeast,,,
L00426,2025-07-03,Partner,Financial Services,Midwest,2025-07-05,2025-08-03,C0138
L00427,2025-04-15,Outbound,Technology,Southeast,2025-04-30,2025-05-16,
L00428,2025-01-15,Paid Search,Financial Services,Northeast,,,
L00429,2025-04-16,Organic Search,Healthcare,Northeast,2025-05-05,2025-05-14,C0140
L00430,2025-08-15,Outbound,Financial Services,Midwest,2025-08-27,2025-08-30,
L00431,2025-08-01,Organic Search,Retail,Southeast,2025-08-12,2025-08-15,
L00432,2026-03-16,Outbound,Financial Services,West,,,
L00433,2026-07-19,Paid Search,Retail,Northeast,2026-08-04,,
L00434,2026-05-01,Outbound,Retail,Midwest,2026-05-15,,
L00435,2025-08-15,Organic Search,Professional Services,West,2025-08-30,2025-09-17,C0291
L00436,2026-01-21,Partner,Healthcare,West,2026-02-01,2026-01-29,
L00437,2026-02-25,Paid Search,Professional Services,West,2026-03-10,,
L00438,2025-01-18,Paid Search,Manufacturing,West,,,
L00439,2025-02-10,Outbound,Technology,West,,,
L00440,2025-11-26,Outbound,Financial Services,West,2025-12-15,2025-12-28,C0155
L00441,2025-10-16,Paid Search,Retail,Northeast,,,
L00442,2025-04-03,Partner,Healthcare,Midwest,2025-04-17,2025-04-28,
L00443,2025-07-13,Event,Healthcare,Northeast,2025-07-22,,
L00444,2025-09-28,Outbound,Manufacturing,Northeast,2025-09-30,2025-10-28,
L00445,2026-06-29,Referral,Healthcare,Southeast,2026-07-13,2026-07-23,
L00446,2026-04-25,Partner,Manufacturing,Northeast,,,
L00447,2026-07-07,Organic Search,Financial Services,Southeast,,,
L00448,2025-01-07,Paid Search,Professional Services,Southeast,,,
L00449,2025-02-26,Organic Search,Professional Services,Southeast,,,
L00450,2026-03-16,Paid Search,Healthcare,Northeast,2026-03-20,2026-03-29,
L00451,2026-04-23,Paid Search,Professional Services,Southeast,2026-04-25,2026-05-02,C0077
L00452,2026-04-04,Outbound,Professional Services,Midwest,2026-04-10,2026-04-17,C0009
L00453,2025-02-09,Referral,Professional Services,West,2025-02-13,,
L00454,2025-05-26,Event,Professional Services,West,2025-06-06,2025-06-27,C0232
L00455,2026-05-06,Organic Search,Manufacturing,West,2026-05-19,2026-05-25,
L00456,2025-07-13,Referral,Manufacturing,Southeast,2025-07-25,,
L00457,2026-05-06,Paid Search,Professional Services,Northeast,,,
L00458,2026-01-31,Paid Search,Professional Services,Southeast,,,
L00459,2025-06-04,Event,Healthcare,Southeast,2025-06-20,,
L00460,2025-10-24,Outbound,Manufacturing,Northeast,2025-10-27,2025-11-04,
L00461,2026-02-18,Outbound,Professional Services,Northeast,,,
L00462,2026-06-28,Event,Retail,Northeast,,,
L00463,2025-01-16,Organic Search,Technology,Northeast,,,
L00464,2026-05-06,Organic Search,Professional Services,West,2026-05-10,,
L00465,2026-02-03,Referral,Professional Services,Southeast,2026-02-14,2026-02-24,
L00466,2025-06-10,Organic Search,Healthcare,Midwest,2025-06-15,2025-06-20,
L00467,2025-05-18,Partner,Professional Services,West,,,
L00468,2025-08-03,Referral,Manufacturing,West,2025-08-09,,
L00469,2025-11-11,Organic Search,Professional Services,West,2025-11-15,,
L00470,2026-01-12,Outbound,Healthcare,Southeast,2026-01-20,2026-01-29,
L00471,2026-03-25,Partner,Professional Services,Midwest,,,
L00472,2026-05-27,Organic Search,Healthcare,Midwest,,,
L00473,2026-03-15,Outbound,Technology,Northeast,,,
L00474,2026-03-04,Partner,Technology,Northeast,,,
L00475,2025-08-06,Paid Search,Retail,West,2025-08-12,,
L00476,2025-09-28,Partner,Financial Services,Northeast,2025-10-10,,
L00477,2025-08-26,Organic Search,Financial Services,Southeast,,,
L00478,2026-01-26,Partner,Financial Services,West,,,
L00479,2025-03-20,Event,Manufacturing,Southeast,2025-03-31,,
L00480,2025-03-19,Referral,Technology,Midwest,2025-04-02,2025-04-08,C0289
L00481,2025-01-02,Partner,Professional Services,Midwest,,,
L00482,2025-04-17,Outbound,Professional Services,Southeast,,,
L00483,2025-04-05,Organic Search,Manufacturing,West,2025-04-07,,
L00484,2025-06-24,Paid Search,Technology,Northeast,,,
L00485,2025-07-07,Paid Search,Manufacturing,Southeast,2025-07-16,2025-08-01,
L00486,2026-07-19,Paid Search,Retail,Southeast,2026-07-25,,
L00487,2025-09-11,Partner,Technology,Northeast,2025-09-18,,
L00488,2025-02-12,Partner,Financial Services,Northeast,,,
L00489,2025-11-04,Paid Search,Technology,Southeast,2025-11-13,2025-11-13,
L00490,2026-06-12,Paid Search,Technology,Midwest,2026-06-21,2026-07-15,
L00491,2026-03-11,Referral,Healthcare,Midwest,2026-03-23,2026-03-30,
L00492,2025-08-30,Paid Search,Financial Services,Midwest,2025-09-01,2025-10-04,
L00493,2025-12-28,Event,Healthcare,Southeast,2026-01-08,2026-01-14,C0224
L00494,2025-09-16,Partner,Financial Services,Southeast,2025-09-27,,
L00495,2025-05-15,Paid Search,Retail,Southeast,2025-05-28,2025-06-15,
L00496,2025-07-24,Paid Search,Financial Services,West,2025-08-06,,
L00497,2026-03-27,Partner,Technology,Midwest,,,
L00498,2025-08-26,Paid Search,Healthcare,Midwest,2025-09-05,2025-09-12,
L00499,2026-03-13,Event,Financial Services,West,2026-03-31,2026-03-28,
L00500,2025-11-20,Partner,Technology,West,2025-12-04,,
L00501,2026-07-11,Paid Search,Technology,Northeast,2026-07-18,2026-08-13,
L00502,2025-10-17,Event,Manufacturing,Northeast,,,
L00503,2025-04-30,Partner,Technology,West,2025-05-07,2025-05-31,
L00504,2025-05-05,Paid Search,Retail,Midwest,,,
L00505,2025-05-17,Partner,Healthcare,Southeast,,,
L00506,2025-07-04,Organic Search,Professional Services,Midwest,2025-07-07,,
L00507,2026-07-12,Outbound,Manufacturing,Southeast,2026-07-19,2026-07-29,
L00508,2025-01-19,Referral,Professional Services,Northeast,2025-01-29,2025-02-04,
L00509,2026-06-07,Paid Search,Manufacturing,Southeast,,,
L00510,2026-03-05,Paid Search,Manufacturing,Midwest,2026-03-12,2026-03-16,
L00511,2025-09-26,Outbound,Retail,Midwest,2025-10-11,2025-10-20,
L00512,2026-06-05,Referral,Technology,Southeast,2026-06-09,,
L00513,2026-01-03,Event,Technology,Southeast,2026-01-13,,
L00514,2026-04-02,Referral,Retail,Northeast,,,
L00515,2025-09-08,Outbound,Retail,Southeast,2025-09-19,,
L00516,2025-02-25,Paid Search,Retail,Southeast,,,
L00517,2025-09-01,Paid Search,Manufacturing,Northeast,2025-09-10,2025-09-16,
L00518,2026-05-11,Organic Search,Professional Services,West,2026-05-16,,
L00519,2026-07-17,Paid Search,Financial Services,Southeast,,,
L00520,2025-09-24,Event,Professional Services,Northeast,2025-10-05,2025-10-25,C0207
L00521,2025-02-05,Partner,Healthcare,Southeast,2025-02-07,2025-02-22,
L00522,2025-08-24,Organic Search,Professional Services,Northeast,,,
L00523,2025-08-04,Partner,Healthcare,Northeast,2025-08-20,,
L00524,2026-03-08,Organic Search,Healthcare,Southeast,,,
L00525,2026-01-14,Referral,Financial Services,Northeast,2026-01-17,,
L00526,2026-07-15,Referral,Retail,Southeast,,,
L00527,2025-06-09,Paid Search,Healthcare,Midwest,2025-06-19,2025-06-25,
L00528,2025-08-16,Partner,Retail,West,2025-09-01,2025-09-07,
L00529,2025-10-23,Partner,Manufacturing,West,,,
L00530,2026-05-08,Organic Search,Financial Services,Southeast,2026-05-18,2026-05-28,
L00531,2025-06-12,Partner,Technology,Northeast,2025-06-23,,
L00532,2025-07-18,Partner,Technology,West,,,
L00533,2025-01-23,Organic Search,Manufacturing,Northeast,2025-02-05,,
L00534,2026-05-18,Paid Search,Professional Services,West,2026-06-04,,
L00535,2025-01-23,Organic Search,Healthcare,Northeast,2025-02-09,,
L00536,2026-06-23,Referral,Technology,Southeast,2026-07-08,2026-07-09,
L00537,2025-10-11,Referral,Financial Services,Northeast,,,
L00538,2025-02-14,Outbound,Healthcare,Northeast,,,
L00539,2025-10-29,Event,Technology,Midwest,,,
L00540,2025-05-12,Partner,Healthcare,Midwest,2025-05-22,,
L00541,2025-09-01,Organic Search,Financial Services,Northeast,2025-09-09,2025-09-19,
L00542,2026-01-07,Referral,Manufacturing,Northeast,2026-01-20,,
L00543,2026-01-08,Organic Search,Financial Services,Southeast,,,
L00544,2025-06-28,Outbound,Financial Services,Northeast,,,
L00545,2026-06-06,Partner,Retail,Northeast,2026-06-15,,
L00546,2026-04-26,Organic Search,Financial Services,Midwest,2026-05-12,2026-05-31,
L00547,2025-07-29,Outbound,Healthcare,Southeast,2025-08-02,2025-08-10,
L00548,2026-02-02,Partner,Retail,Northeast,,,
L00549,2026-03-18,Outbound,Healthcare,Southeast,2026-03-28,2026-04-20,C0004
L00550,2025-12-20,Partner,Manufacturing,Southeast,,,
L00551,2025-06-15,Referral,Technology,Midwest,2025-06-25,2025-07-17,
L00552,2026-05-21,Partner,Healthcare,West,,,
L00553,2025-02-04,Partner,Healthcare,Northeast,2025-02-18,2025-03-09,
L00554,2026-07-20,Partner,Healthcare,Midwest,,,
L00555,2026-05-17,Organic Search,Retail,Southeast,,,
L00556,2025-03-17,Referral,Healthcare,West,2025-03-24,2025-04-10,C0134
L00557,2025-04-24,Event,Healthcare,Southeast,2025-05-13,,
L00558,2026-03-13,Paid Search,Professional Services,West,2026-03-17,,
L00559,2025-02-13,Event,Healthcare,West,2025-02-24,,
L00560,2026-04-12,Event,Technology,Southeast,,,
L00561,2025-06-11,Outbound,Technology,West,2025-06-28,,
L00562,2025-02-13,Outbound,Technology,Northeast,,,
L00563,2026-07-14,Organic Search,Healthcare,Southeast,,,
L00564,2025-08-10,Event,Retail,West,2025-08-23,2025-08-29,
L00565,2026-01-12,Partner,Financial Services,Midwest,,,
L00566,2025-01-15,Paid Search,Professional Services,Southeast,,,
L00567,2026-02-20,Paid Search,Retail,Midwest,2026-03-02,2026-02-28,
L00568,2026-01-05,Referral,Manufacturing,Southeast,2026-01-24,,
L00569,2026-04-21,Outbound,Retail,Southeast,2026-04-30,,
L00570,2026-03-25,Paid Search,Professional Services,Northeast,2026-04-04,2026-04-10,C0300
L00571,2026-06-11,Paid Search,Technology,Midwest,2026-06-14,2026-06-28,
L00572,2026-03-06,Outbound,Manufacturing,Midwest,,,
L00573,2026-04-16,Partner,Retail,Midwest,,,
L00574,2026-06-02,Partner,Professional Services,Southeast,,,
L00575,2025-01-01,Event,Technology,West,,,
L00576,2026-06-12,Outbound,Professional Services,Northeast,,,
L00577,2025-05-14,Event,Financial Services,Northeast,2025-06-01,,
L00578,2025-08-10,Referral,Professional Services,Northeast,2025-08-28,2025-08-27,
L00579,2025-04-24,Event,Healthcare,West,2025-05-06,,
L00580,2025-06-17,Paid Search,Manufacturing,Midwest,2025-06-19,2025-07-18,
L00581,2026-04-09,Outbound,Financial Services,Southeast,2026-04-18,2026-04-20,
L00582,2025-11-23,Outbound,Manufacturing,Midwest,2025-12-12,2025-12-03,
L00583,2025-02-12,Outbound,Healthcare,West,,,
L00584,2026-03-08,Paid Search,Technology,Northeast,,,
L00585,2025-08-03,Organic Search,Professional Services,Southeast,2025-08-13,,
L00586,2025-11-02,Event,Professional Services,Northeast,2025-11-15,,
L00587,2025-10-19,Event,Manufacturing,Northeast,,,
L00588,2025-05-17,Referral,Manufacturing,West,2025-05-29,,
L00589,2025-03-17,Organic Search,Technology,West,2025-04-05,2025-03-26,C0125
L00590,2025-01-27,Organic Search,Healthcare,Southeast,,,
L00591,2025-06-29,Partner,Manufacturing,Northeast,2025-07-12,2025-07-11,C0278
L00592,2025-04-09,Referral,Technology,Midwest,2025-04-28,2025-04-27,
L00593,2026-03-20,Event,Retail,Southeast,2026-04-01,2026-04-01,
L00594,2025-11-21,Partner,Manufacturing,Midwest,2025-12-06,,
L00595,2025-10-29,Organic Search,Professional Services,Midwest,2025-10-31,2025-11-19,
L00596,2025-02-25,Referral,Financial Services,West,2025-03-15,,
L00597,2026-01-28,Event,Retail,West,2026-02-14,,
L00598,2025-04-30,Outbound,Technology,Northeast,2025-05-03,2025-05-22,C0011
L00599,2025-03-01,Referral,Professional Services,Southeast,2025-03-18,2025-03-28,
L00600,2026-07-23,Organic Search,Manufacturing,Northeast,,,
L00601,2025-03-15,Referral,Financial Services,Northeast,2025-03-19,2025-03-30,C0002
L00602,2025-06-28,Organic Search,Professional Services,Midwest,2025-07-06,2025-07-22,
L00603,2025-12-01,Organic Search,Technology,Midwest,,,
L00604,2025-10-10,Outbound,Retail,West,,,
L00605,2026-01-09,Organic Search,Financial Services,Northeast,2026-01-27,,
L00606,2026-07-18,Partner,Technology,Northeast,2026-07-23,,
L00607,2026-03-25,Referral,Healthcare,Southeast,2026-04-03,2026-04-15,C0125
L00608,2025-03-25,Referral,Healthcare,West,,,
L00609,2026-03-22,Outbound,Retail,West,,,
L00610,2025-12-23,Partner,Professional Services,Southeast,,,
L00611,2025-06-16,Event,Retail,Northeast,,,
L00612,2026-01-29,Outbound,Financial Services,Midwest,2026-02-02,2026-02-25,
L00613,2025-07-22,Outbound,Professional Services,Northeast,,,
L00614,2025-03-17,Partner,Manufacturing,Southeast,2025-03-28,,
L00615,2025-12-28,Outbound,Professional Services,West,,,
L00616,2025-02-26,Partner,Manufacturing,West,2025-03-01,2025-03-21,
L00617,2026-07-11,Partner,Manufacturing,Southeast,2026-07-29,2026-08-07,
L00618,2026-03-17,Partner,Technology,Northeast,,,
L00619,2026-05-08,Partner,Technology,West,2026-05-14,2026-05-29,
L00620,2025-05-13,Event,Manufacturing,Midwest,,,
L00621,2025-07-12,Paid Search,Manufacturing,Southeast,2025-07-26,,
L00622,2026-01-08,Event,Healthcare,Southeast,2026-01-16,2026-02-10,
L00623,2026-07-22,Organic Search,Manufacturing,Southeast,,,
L00624,2025-10-23,Partner,Technology,West,2025-11-03,2025-11-03,
L00625,2025-11-07,Partner,Retail,West,,,
L00626,2025-10-31,Organic Search,Professional Services,Midwest,,,
L00627,2025-08-01,Outbound,Manufacturing,Midwest,2025-08-09,2025-08-12,C0239
L00628,2026-01-13,Event,Professional Services,Midwest,2026-02-01,,
L00629,2026-01-09,Event,Retail,West,2026-01-16,,
L00630,2025-04-06,Referral,Healthcare,Southeast,2025-04-16,2025-04-14,
L00631,2026-06-06,Organic Search,Healthcare,Northeast,2026-06-08,2026-06-20,
L00632,2025-12-17,Partner,Healthcare,West,,,
L00633,2026-06-08,Organic Search,Manufacturing,Northeast,,,
L00634,2025-07-09,Outbound,Manufacturing,Midwest,,,
L00635,2025-08-01,Referral,Manufacturing,West,2025-08-09,2025-08-10,C0296
L00636,2025-08-03,Event,Financial Services,Midwest,2025-08-11,,
L00637,2026-07-25,Partner,Retail,Northeast,2026-07-27,,
L00638,2025-06-15,Organic Search,Retail,Midwest,,,
L00639,2026-04-29,Event,Professional Services,Northeast,2026-05-13,,
L00640,2025-06-04,Organic Search,Financial Services,Southeast,2025-06-14,2025-06-25,
L00641,2025-10-29,Outbound,Technology,Southeast,2025-11-15,,
L00642,2025-07-07,Referral,Financial Services,Northeast,2025-07-23,,
L00643,2025-05-18,Partner,Retail,Northeast,,,
L00644,2025-11-29,Outbound,Manufacturing,West,,,
L00645,2025-07-06,Organic Search,Manufacturing,Southeast,2025-07-20,,
L00646,2025-09-21,Organic Search,Retail,Southeast,,,
L00647,2026-04-28,Paid Search,Financial Services,West,2026-05-14,,
L00648,2025-02-10,Organic Search,Professional Services,Northeast,,,
L00649,2026-04-17,Referral,Manufacturing,West,2026-05-06,2026-05-17,C0204
L00650,2026-07-18,Partner,Professional Services,Northeast,,,
L00651,2025-09-04,Partner,Healthcare,Midwest,,,
L00652,2026-06-03,Outbound,Retail,Northeast,2026-06-17,2026-06-28,
L00653,2026-03-08,Outbound,Manufacturing,Southeast,2026-03-15,2026-03-31,C0108
L00654,2026-06-22,Event,Financial Services,Southeast,2026-06-30,2026-07-03,C0029
L00655,2025-07-26,Paid Search,Retail,Midwest,2025-08-14,2025-08-24,C0224
L00656,2025-03-01,Event,Healthcare,Midwest,2025-03-09,2025-03-14,
L00657,2025-01-02,Event,Professional Services,Northeast,,,
L00658,2025-04-26,Partner,Professional Services,Southeast,,,
L00659,2026-04-27,Organic Search,Manufacturing,Southeast,,,
L00660,2025-07-23,Paid Search,Retail,Midwest,2025-08-09,2025-08-20,
L00661,2025-11-12,Partner,Financial Services,Southeast,2025-11-14,2025-11-30,
L00662,2025-05-19,Outbound,Technology,Midwest,,,
L00663,2026-07-20,Outbound,Retail,Midwest,,,
L00664,2026-05-26,Event,Professional Services,Midwest,2026-05-29,,
L00665,2026-06-18,Partner,Healthcare,Midwest,2026-07-02,2026-06-27,
L00666,2025-07-23,Organic Search,Retail,Midwest,2025-07-29,,
L00667,2026-04-13,Referral,Financial Services,Midwest,2026-04-27,2026-04-23,
L00668,2026-04-17,Paid Search,Financial Services,Southeast,,,
L00669,2026-03-19,Organic Search,Healthcare,Midwest,,,
L00670,2025-05-19,Partner,Technology,Midwest,2025-05-21,2025-05-29,
L00671,2025-03-01,Event,Retail,Northeast,,,
L00672,2026-06-20,Organic Search,Professional Services,Northeast,2026-07-04,2026-07-11,
L00673,2026-01-23,Referral,Retail,Northeast,,,
L00674,2026-04-05,Referral,Technology,Southeast,2026-04-10,,
L00675,2025-03-01,Paid Search,Manufacturing,Southeast,2025-03-10,2025-03-24,
L00676,2025-11-24,Partner,Manufacturing,Midwest,2025-11-30,2025-12-03,
L00677,2026-01-29,Event,Healthcare,West,2026-02-08,2026-02-06,
L00678,2025-02-20,Paid Search,Healthcare,West,2025-03-07,,
L00679,2025-10-25,Event,Retail,West,2025-11-05,2025-11-10,
L00680,2026-04-06,Paid Search,Manufacturing,Northeast,2026-04-16,2026-04-23,
L00681,2025-10-22,Paid Search,Technology,Northeast,2025-11-05,,
L00682,2026-05-02,Paid Search,Financial Services,West,,,
L00683,2025-08-22,Event,Manufacturing,Southeast,2025-09-09,2025-09-14,
L00684,2026-06-06,Outbound,Retail,Northeast,,,
L00685,2025-11-05,Referral,Technology,West,2025-11-11,2025-11-29,C0032
L00686,2025-03-16,Paid Search,Healthcare,West,2025-03-23,,
L00687,2026-05-28,Partner,Financial Services,Midwest,2026-06-03,2026-06-19,
L00688,2025-07-01,Referral,Healthcare,Midwest,2025-07-14,,
L00689,2025-10-21,Outbound,Technology,Northeast,,,
L00690,2025-07-03,Organic Search,Retail,Northeast,,,
L00691,2026-06-26,Referral,Retail,Southeast,2026-07-07,2026-07-20,
L00692,2026-04-28,Paid Search,Retail,West,,,
L00693,2026-01-26,Referral,Professional Services,West,2026-01-28,2026-02-26,
L00694,2025-05-01,Organic Search,Retail,Midwest,,,
L00695,2025-01-04,Paid Search,Healthcare,Southeast,2025-01-08,,
L00696,2026-04-30,Paid Search,Technology,West,2026-05-14,2026-05-19,C0028
L00697,2026-07-18,Paid Search,Manufacturing,Midwest,,,
L00698,2025-06-05,Referral,Professional Services,Southeast,,,
L00699,2025-08-11,Organic Search,Manufacturing,Southeast,2025-08-17,2025-08-27,
L00700,2025-04-15,Outbound,Manufacturing,Southeast,,,
L00701,2025-06-17,Event,Professional Services,West,2025-06-23,2025-07-19,
L00702,2025-03-12,Paid Search,Financial Services,West,,,
L00703,2025-06-14,Partner,Retail,West,,,
L00704,2025-12-05,Partner,Financial Services,West,2025-12-09,2025-12-31,
L00705,2025-08-27,Partner,Manufacturing,Northeast,,,
L00706,2026-07-25,Paid Search,Professional Services,Southeast,,,
L00707,2025-02-16,Organic Search,Healthcare,Midwest,,,
L00708,2025-04-21,Organic Search,Healthcare,Southeast,2025-05-02,2025-05-03,
L00709,2025-02-12,Organic Search,Manufacturing,Southeast,2025-02-27,,
L00710,2025-07-25,Outbound,Healthcare,West,2025-08-03,2025-08-08,
L00711,2025-03-26,Event,Technology,West,2025-03-29,2025-04-10,
L00712,2026-05-17,Paid Search,Financial Services,Midwest,2026-05-23,,
L00713,2025-04-30,Paid Search,Technology,Northeast,2025-05-09,,
L00714,2025-05-10,Paid Search,Professional Services,Southeast,2025-05-29,,
L00715,2025-05-04,Event,Retail,Northeast,2025-05-17,2025-05-27,C0197
L00716,2025-07-13,Referral,Manufacturing,Northeast,,,
L00717,2025-05-04,Organic Search,Professional Services,Northeast,,,
L00718,2025-04-27,Paid Search,Professional Services,Midwest,2025-05-08,2025-05-06,
L00719,2026-04-07,Partner,Financial Services,Northeast,,,
L00720,2025-01-13,Paid Search,Manufacturing,Southeast,2025-01-19,2025-01-27,
L00721,2026-06-17,Referral,Healthcare,Southeast,2026-07-03,2026-07-19,C0141
L00722,2026-01-14,Partner,Healthcare,Midwest,,,
L00723,2025-04-26,Paid Search,Financial Services,Midwest,2025-04-29,2025-05-24,
L00724,2025-03-19,Partner,Professional Services,West,,,
L00725,2025-03-17,Partner,Professional Services,West,2025-04-05,,
L00726,2026-06-07,Organic Search,Financial Services,Midwest,2026-06-13,2026-07-04,
L00727,2026-04-24,Organic Search,Manufacturing,West,2026-05-04,,
L00728,2025-05-19,Outbound,Healthcare,Southeast,,,
L00729,2026-07-19,Outbound,Technology,Southeast,2026-07-23,2026-07-29,
L00730,2025-04-03,Partner,Financial Services,Southeast,2025-04-10,2025-04-21,
L00731,2026-02-02,Referral,Manufacturing,Midwest,2026-02-11,,
L00732,2025-07-25,Organic Search,Financial Services,Midwest,2025-07-28,,
L00733,2025-11-11,Referral,Manufacturing,Midwest,2025-11-13,,
L00734,2025-11-10,Partner,Retail,Midwest,2025-11-13,,
L00735,2026-01-11,Organic Search,Financial Services,Northeast,,,
L00736,2025-05-10,Paid Search,Professional Services,West,,,
L00737,2025-03-17,Paid Search,Healthcare,Midwest,,,
L00738,2025-06-04,Outbound,Technology,West,2025-06-08,,
L00739,2025-08-12,Paid Search,Financial Services,Midwest,2025-08-25,,
L00740,2025-09-08,Event,Financial Services,West,,,
L00741,2026-05-21,Outbound,Technology,West,,,
L00742,2025-05-19,Event,Technology,Southeast,2025-05-27,,
L00743,2026-01-13,Outbound,Healthcare,West,2026-01-25,2026-02-11,
L00744,2026-02-22,Partner,Manufacturing,Northeast,,,
L00745,2025-07-10,Partner,Manufacturing,Northeast,2025-07-21,,
L00746,2025-05-17,Outbound,Professional Services,Northeast,2025-06-01,2025-06-11,C0068
L00747,2026-04-29,Organic Search,Financial Services,West,2026-05-16,2026-05-27,
L00748,2025-08-07,Referral,Technology,Midwest,2025-08-24,,
L00749,2026-02-11,Organic Search,Technology,Northeast,2026-02-17,2026-03-12,
L00750,2025-01-19,Event,Professional Services,Midwest,2025-02-03,2025-02-03,C0152
L00751,2026-02-09,Organic Search,Healthcare,Midwest,2026-02-26,2026-03-11,
L00752,2025-09-12,Organic Search,Manufacturing,Midwest,2025-09-21,2025-10-01,C0290
L00753,2025-06-19,Partner,Technology,Midwest,,,
L00754,2025-07-31,Organic Search,Technology,Southeast,2025-08-03,2025-08-29,
L00755,2025-05-05,Referral,Healthcare,Northeast,2025-05-08,,
L00756,2025-09-27,Outbound,Healthcare,Southeast,2025-10-01,,
L00757,2026-07-25,Organic Search,Healthcare,West,2026-08-10,2026-08-17,
L00758,2026-07-04,Referral,Professional Services,Southeast,,,
L00759,2025-04-05,Organic Search,Financial Services,Northeast,2025-04-17,,
L00760,2026-01-20,Referral,Manufacturing,Midwest,,,
L00761,2026-07-17,Partner,Professional Services,Midwest,2026-07-26,,
L00762,2025-09-08,Organic Search,Manufacturing,Northeast,,,
L00763,2026-01-01,Event,Manufacturing,West,2026-01-06,2026-01-21,
L00764,2025-12-08,Outbound,Financial Services,Northeast,2025-12-15,,
L00765,2025-01-28,Referral,Professional Services,Northeast,2025-02-05,,
L00766,2025-05-11,Organic Search,Financial Services,Northeast,2025-05-15,2025-05-27,
L00767,2025-11-24,Paid Search,Retail,West,2025-11-29,2025-12-27,
L00768,2026-02-13,Paid Search,Financial Services,Midwest,2026-02-24,2026-02-23,C0005
L00769,2025-11-09,Referral,Technology,Southeast,2025-11-22,2025-12-10,
L00770,2025-07-01,Partner,Professional Services,Southeast,,,
L00771,2026-02-11,Event,Retail,Northeast,,,
L00772,2025-02-09,Outbound,Retail,Southeast,,,
L00773,2026-02-03,Referral,Retail,Northeast,2026-02-14,2026-02-13,
L00774,2025-06-25,Event,Financial Services,Southeast,,,
L00775,2025-11-24,Outbound,Financial Services,Southeast,2025-11-26,,
L00776,2026-06-20,Partner,Healthcare,West,2026-07-02,,
L00777,2025-02-27,Partner,Financial Services,West,2025-03-06,2025-04-03,C0027
L00778,2025-12-21,Paid Search,Professional Services,Midwest,2026-01-08,2026-01-22,C0150
L00779,2025-02-17,Referral,Healthcare,West,2025-02-26,,
L00780,2025-07-12,Partner,Technology,Northeast,,,
L00781,2025-01-13,Partner,Professional Services,Northeast,2025-01-16,,
L00782,2025-08-21,Partner,Manufacturing,Southeast,2025-09-02,,
L00783,2025-10-29,Organic Search,Healthcare,Southeast,,,
L00784,2025-03-26,Outbound,Technology,Midwest,,,
L00785,2026-04-04,Paid Search,Manufacturing,Southeast,,,
L00786,2026-04-19,Event,Professional Services,Midwest,2026-05-05,,
L00787,2025-01-28,Organic Search,Healthcare,West,,,
L00788,2025-03-04,Paid Search,Technology,Midwest,2025-03-12,2025-03-30,
L00789,2026-01-15,Event,Manufacturing,Northeast,,,
L00790,2026-05-02,Event,Retail,Midwest,,,
L00791,2026-01-08,Partner,Manufacturing,Northeast,2026-01-17,2026-02-04,C0202
L00792,2025-04-07,Partner,Healthcare,Northeast,2025-04-20,2025-05-05,
L00793,2025-01-23,Organic Search,Technology,Northeast,2025-02-03,2025-02-15,C0091
L00794,2025-07-27,Partner,Manufacturing,West,,,
L00795,2025-11-15,Organic Search,Retail,Southeast,2025-11-19,,
L00796,2025-12-24,Paid Search,Retail,Midwest,,,
L00797,2025-01-14,Outbound,Healthcare,Southeast,,,
L00798,2025-12-12,Paid Search,Manufacturing,West,2025-12-17,2025-12-24,
L00799,2025-10-25,Event,Technology,Midwest,,,
L00800,2025-07-28,Event,Financial Services,Southeast,,,
L00801,2026-01-29,Event,Professional Services,West,2026-02-08,2026-03-03,
L00802,2025-07-25,Partner,Healthcare,Midwest,2025-08-01,,
L00803,2025-11-06,Organic Search,Financial Services,Midwest,,,
L00804,2025-06-14,Paid Search,Retail,West,2025-06-29,,
L00805,2025-05-12,Referral,Healthcare,West,2025-05-30,,
L00806,2025-04-22,Organic Search,Manufacturing,Southeast,2025-04-30,2025-05-25,
L00807,2025-10-18,Outbound,Manufacturing,Midwest,,,
L00808,2026-06-19,Paid Search,Retail,West,,,
L00809,2025-02-25,Referral,Professional Services,Midwest,2025-03-02,2025-03-20,
L00810,2026-01-26,Event,Healthcare,Southeast,,,
L00811,2025-09-03,Event,Healthcare,Southeast,2025-09-11,2025-09-21,
L00812,2025-01-08,Partner,Retail,Northeast,2025-01-27,,
L00813,2026-06-23,Paid Search,Manufacturing,Midwest,2026-07-07,,
L00814,2025-10-23,Partner,Financial Services,West,,,
L00815,2025-03-07,Referral,Healthcare,Midwest,2025-03-26,2025-04-11,C0046
L00816,2025-07-10,Partner,Retail,West,,,
L00817,2025-04-11,Outbound,Healthcare,Northeast,2025-04-18,2025-04-29,
L00818,2025-04-10,Referral,Technology,West,2025-04-14,2025-05-06,
L00819,2025-06-19,Event,Professional Services,West,2025-07-02,,
L00820,2025-05-28,Outbound,Manufacturing,Northeast,2025-06-11,2025-06-23,
L00821,2026-05-08,Paid Search,Financial Services,Southeast,2026-05-27,,
L00822,2025-11-04,Outbound,Financial Services,Northeast,,,
L00823,2025-10-08,Paid Search,Retail,West,,,
L00824,2025-03-14,Paid Search,Financial Services,Midwest,,,
L00825,2025-06-28,Referral,Technology,Southeast,2025-07-06,,
L00826,2025-03-03,Paid Search,Retail,West,2025-03-22,2025-04-05,C0018
L00827,2025-10-24,Outbound,Manufacturing,West,,,
L00828,2025-12-25,Partner,Technology,Southeast,,,
L00829,2025-05-24,Partner,Retail,West,2025-05-29,,
L00830,2025-05-28,Event,Financial Services,Southeast,2025-06-11,,
L00831,2026-05-28,Event,Financial Services,Northeast,2026-06-13,2026-06-25,
L00832,2026-03-17,Outbound,Retail,Northeast,2026-03-29,2026-04-17,
L00833,2026-02-16,Event,Technology,West,,,
L00834,2025-03-01,Partner,Technology,Southeast,,,
L00835,2026-01-04,Paid Search,Healthcare,Northeast,,,
L00836,2026-06-13,Partner,Financial Services,Southeast,,,
L00837,2025-06-27,Outbound,Professional Services,Midwest,,,
L00838,2025-09-19,Outbound,Retail,Northeast,,,
L00839,2026-03-02,Partner,Technology,West,2026-03-06,2026-03-10,C0164
L00840,2025-12-01,Outbound,Healthcare,Midwest,2025-12-11,2025-12-17,C0196
L00841,2026-03-16,Referral,Manufacturing,Southeast,2026-03-28,2026-03-24,
L00842,2026-04-09,Organic Search,Manufacturing,Northeast,2026-04-16,2026-04-27,
L00843,2026-04-08,Partner,Retail,Northeast,2026-04-21,,
L00844,2025-07-18,Event,Retail,Northeast,2025-08-03,,
L00845,2025-09-21,Event,Technology,Southeast,,,
L00846,2025-02-12,Paid Search,Financial Services,Northeast,2025-02-27,,
L00847,2025-04-16,Organic Search,Professional Services,Southeast,2025-05-02,,
L00848,2025-10-06,Referral,Professional Services,Northeast,2025-10-09,2025-11-01,
L00849,2025-06-22,Organic Search,Healthcare,Southeast,2025-07-01,2025-07-05,
L00850,2025-12-27,Event,Professional Services,Midwest,2026-01-01,2026-01-31,
L00851,2025-05-12,Event,Retail,West,,,
L00852,2025-08-28,Partner,Professional Services,Northeast,2025-09-06,,
L00853,2026-01-27,Event,Healthcare,Northeast,2026-02-04,2026-02-12,
L00854,2025-08-15,Referral,Professional Services,Midwest,2025-08-30,2025-09-09,
L00855,2026-06-14,Event,Healthcare,Southeast,2026-06-16,2026-06-22,
L00856,2025-02-06,Event,Manufacturing,Midwest,2025-02-16,2025-02-28,
L00857,2025-12-07,Partner,Manufacturing,West,2025-12-25,2025-12-25,
L00858,2026-06-06,Event,Professional Services,Southeast,,,
L00859,2025-02-13,Paid Search,Retail,Midwest,2025-02-28,,
L00860,2025-08-21,Organic Search,Technology,Northeast,2025-08-24,2025-08-31,
L00861,2025-03-28,Paid Search,Professional Services,West,2025-04-02,,
L00862,2025-02-08,Outbound,Healthcare,West,2025-02-10,2025-03-15,
L00863,2025-02-25,Outbound,Retail,West,2025-03-16,2025-03-19,C0154
L00864,2026-01-20,Organic Search,Technology,Midwest,2026-01-24,2026-02-24,C0293
L00865,2025-11-12,Event,Financial Services,Northeast,,,
L00866,2026-02-14,Paid Search,Technology,West,,,
L00867,2026-07-25,Referral,Manufacturing,Southeast,,,
L00868,2025-03-21,Organic Search,Financial Services,Southeast,,,
L00869,2025-02-23,Event,Manufacturing,Midwest,2025-03-06,,
L00870,2026-02-02,Event,Manufacturing,Southeast,,,
L00871,2025-10-24,Partner,Financial Services,West,2025-10-29,2025-11-16,
L00872,2026-06-22,Organic Search,Financial Services,West,,,
L00873,2026-05-02,Event,Technology,Northeast,2026-05-13,,
L00874,2025-08-10,Paid Search,Technology,West,2025-08-25,2025-08-29,C0078
L00875,2025-12-02,Outbound,Retail,Midwest,,,
L00876,2026-03-24,Paid Search,Professional Services,Midwest,2026-04-11,2026-04-03,
L00877,2025-03-08,Referral,Technology,West,2025-03-13,2025-04-04,C0080
L00878,2025-08-03,Paid Search,Healthcare,Midwest,2025-08-06,,
L00879,2026-04-02,Organic Search,Financial Services,Southeast,2026-04-06,2026-04-29,
L00880,2026-04-08,Organic Search,Retail,Midwest,2026-04-22,2026-04-27,C0026
L00881,2025-03-02,Referral,Healthcare,Northeast,,,
L00882,2025-05-31,Paid Search,Technology,Southeast,2025-06-14,2025-07-05,C0049
L00883,2025-05-23,Partner,Healthcare,Northeast,2025-06-11,,
L00884,2026-03-27,Partner,Technology,Midwest,,,
L00885,2025-09-07,Organic Search,Financial Services,Midwest,2025-09-26,,
L00886,2025-01-08,Organic Search,Financial Services,Northeast,,,
L00887,2025-03-25,Partner,Technology,Midwest,,,
L00888,2025-03-10,Organic Search,Manufacturing,Midwest,,,
L00889,2026-06-02,Organic Search,Healthcare,Midwest,2026-06-09,,
L00890,2026-07-06,Paid Search,Financial Services,Northeast,,,
L00891,2025-10-10,Outbound,Technology,Southeast,,,
L00892,2025-08-17,Referral,Healthcare,Northeast,2025-08-28,,
L00893,2025-08-12,Paid Search,Healthcare,West,2025-08-19,,
L00894,2025-04-30,Referral,Financial Services,Midwest,2025-05-14,2025-05-08,C0057
L00895,2025-11-23,Partner,Technology,West,2025-12-06,2025-12-21,
L00896,2026-02-02,Outbound,Manufacturing,Midwest,2026-02-07,2026-02-27,
L00897,2026-07-03,Paid Search,Healthcare,Northeast,2026-07-10,,
L00898,2026-04-06,Partner,Professional Services,Northeast,,,
L00899,2026-03-23,Partner,Financial Services,Southeast,,,
L00900,2026-05-18,Paid Search,Financial Services,Midwest,2026-05-25,2026-06-21,C0143
L00901,2025-03-31,Organic Search,Healthcare,Midwest,,,
L00902,2025-10-08,Referral,Financial Services,Midwest,,,
L00903,2025-08-12,Paid Search,Retail,West,2025-08-20,2025-09-04,
L00904,2026-03-07,Referral,Technology,Southeast,,,
L00905,2026-01-27,Partner,Professional Services,Southeast,2026-02-11,,
L00906,2025-09-17,Referral,Professional Services,Southeast,,,
L00907,2025-05-14,Referral,Professional Services,Midwest,2025-06-02,2025-05-25,
L00908,2026-01-29,Partner,Manufacturing,Midwest,2026-02-09,2026-02-08,
L00909,2026-03-13,Referral,Healthcare,West,2026-04-01,,
L00910,2025-06-17,Paid Search,Financial Services,West,2025-06-26,,
L00911,2025-08-17,Paid Search,Technology,Southeast,,,
L00912,2026-04-05,Outbound,Technology,West,2026-04-09,2026-05-05,C0164
L00913,2025-11-11,Outbound,Retail,Southeast,,,
L00914,2026-07-25,Organic Search,Professional Services,Midwest,2026-08-11,2026-08-15,
L00915,2025-04-25,Paid Search,Healthcare,Midwest,,,
L00916,2026-03-27,Outbound,Retail,Northeast,2026-03-31,,
L00917,2025-04-28,Paid Search,Professional Services,West,2025-05-09,2025-05-08,C0201
L00918,2026-04-12,Referral,Retail,Midwest,2026-04-20,2026-05-08,
L00919,2026-06-28,Organic Search,Manufacturing,Midwest,2026-07-09,,
L00920,2026-03-21,Paid Search,Technology,Southeast,,,
L00921,2026-03-11,Outbound,Technology,Southeast,,,
L00922,2025-09-29,Paid Search,Technology,Midwest,2025-10-09,,
L00923,2026-03-24,Paid Search,Manufacturing,Northeast,,,
L00924,2025-09-09,Partner,Financial Services,West,2025-09-15,2025-09-20,
L00925,2025-10-05,Organic Search,Professional Services,Southeast,2025-10-10,2025-10-18,C0206
L00926,2025-06-12,Referral,Retail,West,2025-06-25,,
L00927,2025-10-31,Event,Healthcare,Southeast,2025-11-18,2025-11-30,
L00928,2025-12-14,Organic Search,Professional Services,West,2025-12-26,,
L00929,2025-05-14,Referral,Professional Services,West,2025-05-17,2025-06-09,
L00930,2025-05-12,Paid Search,Technology,West,2025-05-31,2025-06-09,
L00931,2025-05-30,Referral,Technology,Southeast,2025-06-13,2025-06-19,
L00932,2026-03-04,Paid Search,Technology,Southeast,2026-03-14,,
L00933,2025-04-25,Paid Search,Retail,West,,,
L00934,2025-02-10,Partner,Manufacturing,West,2025-02-23,,
L00935,2025-10-27,Event,Manufacturing,West,,,
L00936,2025-12-09,Organic Search,Financial Services,Southeast,,,
L00937,2025-12-15,Outbound,Healthcare,Southeast,,,
L00938,2025-06-04,Outbound,Professional Services,Southeast,,,
L00939,2025-03-29,Referral,Manufacturing,West,2025-04-07,,
L00940,2025-06-24,Partner,Retail,West,2025-07-13,,
L00941,2025-11-25,Referral,Financial Services,Midwest,,,
L00942,2025-03-20,Paid Search,Professional Services,West,,,
L00943,2025-06-15,Referral,Healthcare,Northeast,2025-06-30,2025-07-20,C0251
L00944,2025-03-07,Paid Search,Healthcare,Northeast,,,
L00945,2025-10-08,Paid Search,Healthcare,Midwest,2025-10-20,2025-11-02,C0262
L00946,2025-08-28,Partner,Manufacturing,West,2025-09-09,,
L00947,2025-10-03,Referral,Professional Services,Southeast,2025-10-11,2025-10-13,C0055
L00948,2025-09-09,Event,Technology,Midwest,,,
L00949,2025-02-03,Outbound,Retail,West,2025-02-22,2025-02-18,C0148
L00950,2025-12-13,Event,Manufacturing,West,,,
L00951,2025-11-02,Partner,Technology,Midwest,2025-11-21,2025-11-21,C0160
L00952,2025-06-22,Partner,Retail,Northeast,2025-06-26,,
L00953,2026-02-19,Organic Search,Retail,Midwest,,,
L00954,2025-05-21,Paid Search,Technology,West,,,
L00955,2025-02-17,Referral,Healthcare,West,2025-02-19,2025-03-07,
L00956,2025-11-09,Paid Search,Technology,Midwest,2025-11-16,,
L00957,2025-11-15,Partner,Professional Services,Midwest,,,
L00958,2026-04-18,Paid Search,Manufacturing,Northeast,,,
L00959,2025-03-17,Partner,Professional Services,West,2025-03-26,2025-04-08,
L00960,2025-03-25,Event,Retail,Midwest,2025-04-03,,
L00961,2026-06-17,Referral,Healthcare,Southeast,2026-06-24,2026-07-10,
L00962,2026-04-23,Organic Search,Professional Services,Northeast,2026-04-27,2026-05-23,
L00963,2025-12-07,Partner,Technology,Midwest,2025-12-10,2026-01-06,
L00964,2026-04-29,Organic Search,Technology,West,2026-05-06,2026-05-27,
L00965,2025-05-16,Referral,Professional Services,Northeast,,,
L00966,2025-03-17,Organic Search,Retail,Southeast,2025-04-04,,
L00967,2025-07-07,Partner,Retail,West,2025-07-10,2025-07-28,
L00968,2026-06-21,Event,Healthcare,West,2026-07-05,2026-07-06,C0233
L00969,2026-02-15,Referral,Manufacturing,Southeast,2026-02-19,2026-03-18,
L00970,2025-12-05,Referral,Manufacturing,Southeast,,,
L00971,2025-05-30,Event,Financial Services,Northeast,,,
L00972,2026-06-29,Paid Search,Financial Services,Midwest,,,
L00973,2025-02-22,Organic Search,Healthcare,West,,,
L00974,2026-07-15,Partner,Technology,West,,,
L00975,2025-05-24,Outbound,Financial Services,Midwest,2025-06-08,2025-06-16,
L00976,2025-08-16,Partner,Financial Services,Midwest,,,
L00977,2025-06-08,Organic Search,Manufacturing,Southeast,2025-06-17,2025-06-19,
L00978,2025-11-02,Paid Search,Healthcare,Midwest,2025-11-21,,
L00979,2026-07-01,Referral,Healthcare,Northeast,2026-07-12,,
L00980,2025-02-11,Referral,Technology,Midwest,,,
L00981,2025-03-08,Outbound,Manufacturing,Midwest,2025-03-16,2025-04-08,
L00982,2025-07-23,Outbound,Technology,West,2025-07-28,2025-08-17,
L00983,2026-04-28,Outbound,Professional Services,Southeast,,,
L00984,2025-07-11,Referral,Professional Services,Midwest,2025-07-15,2025-08-12,C0243
L00985,2026-06-25,Paid Search,Retail,Midwest,,,
L00986,2026-06-18,Outbound,Retail,Midwest,,,
L00987,2026-01-25,Paid Search,Financial Services,Northeast,2026-02-08,2026-02-02,
L00988,2025-08-16,Partner,Manufacturing,Northeast,2025-08-18,2025-08-26,C0151
L00989,2025-04-11,Outbound,Healthcare,Northeast,,,
L00990,2026-02-02,Referral,Manufacturing,Midwest,2026-02-12,2026-03-05,
L00991,2025-08-25,Partner,Technology,Northeast,,,
L00992,2025-06-06,Referral,Technology,West,2025-06-18,,
L00993,2025-01-26,Organic Search,Retail,Northeast,,,
L00994,2025-11-29,Outbound,Technology,West,,,
L00995,2025-08-13,Event,Financial Services,West,2025-08-29,,
L00996,2026-05-10,Organic Search,Professional Services,Midwest,2026-05-13,2026-06-03,
L00997,2026-07-19,Referral,Manufacturing,Northeast,2026-07-31,2026-08-12,
L00998,2025-08-03,Referral,Retail,Midwest,2025-08-22,2025-09-03,
L00999,2025-09-14,Paid Search,Financial Services,Southeast,2025-10-03,2025-10-02,C0019
L01000,2026-05-20,Event,Professional Services,West,,,
L01001,2026-02-26,Event,Manufacturing,Midwest,2026-03-11,2026-03-13,
L01002,2026-02-20,Partner,Retail,Southeast,,,
L01003,2025-05-08,Referral,Financial Services,West,2025-05-10,2025-06-06,
L01004,2025-03-19,Outbound,Technology,Midwest,2025-03-25,2025-04-05,C0028
L01005,2026-02-26,Outbound,Retail,Midwest,2026-03-02,,
L01006,2026-05-17,Referral,Financial Services,Northeast,2026-05-19,,
L01007,2025-10-22,Organic Search,Financial Services,Midwest,2025-11-01,2025-11-25,C0242
L01008,2025-08-09,Referral,Healthcare,Midwest,2025-08-20,,
L01009,2025-03-28,Partner,Manufacturing,Southeast,2025-04-04,2025-04-12,
L01010,2025-09-12,Partner,Technology,Northeast,,,
L01011,2025-09-16,Partner,Manufacturing,West,2025-10-03,2025-10-18,C0160
L01012,2025-10-26,Outbound,Retail,West,,,
L01013,2025-09-01,Paid Search,Healthcare,Midwest,2025-09-18,2025-09-20,
L01014,2025-06-28,Organic Search,Professional Services,Midwest,2025-07-13,2025-07-14,
L01015,2026-01-28,Organic Search,Retail,West,2026-01-31,2026-02-17,
L01016,2026-04-04,Partner,Manufacturing,Southeast,,,
L01017,2026-05-08,Organic Search,Healthcare,Northeast,2026-05-10,2026-05-26,C0245
L01018,2025-12-18,Outbound,Retail,Southeast,2025-12-21,2026-01-16,
L01019,2025-05-15,Partner,Retail,Southeast,2025-05-20,,
L01020,2025-06-22,Paid Search,Professional Services,Southeast,,,
L01021,2025-10-05,Partner,Healthcare,Northeast,,,
L01022,2025-10-10,Organic Search,Technology,Midwest,2025-10-25,,
L01023,2025-06-19,Referral,Financial Services,Southeast,2025-07-01,2025-07-14,C0228
L01024,2026-06-23,Referral,Financial Services,Northeast,,,
L01025,2025-08-12,Partner,Financial Services,West,2025-08-25,2025-09-05,C0044
L01026,2026-03-28,Partner,Healthcare,Northeast,2026-04-07,2026-04-12,C0178
L01027,2026-05-30,Outbound,Manufacturing,Southeast,,,
L01028,2026-07-05,Paid Search,Professional Services,Southeast,,,
L01029,2026-05-14,Event,Manufacturing,Northeast,2026-05-21,2026-06-04,
L01030,2026-01-07,Event,Healthcare,West,2026-01-13,2026-01-24,
L01031,2025-01-03,Paid Search,Healthcare,Northeast,2025-01-19,2025-01-11,
L01032,2025-11-24,Outbound,Professional Services,West,2025-12-13,2025-12-28,
L01033,2025-12-11,Paid Search,Technology,Southeast,2025-12-14,,
L01034,2025-12-16,Partner,Financial Services,Southeast,2026-01-04,,
L01035,2026-06-28,Paid Search,Manufacturing,Northeast,,,
L01036,2026-01-03,Partner,Healthcare,Northeast,2026-01-05,2026-01-13,C0127
L01037,2025-08-10,Outbound,Manufacturing,West,2025-08-20,2025-09-12,
L01038,2025-11-04,Organic Search,Technology,Midwest,,,
L01039,2026-04-29,Referral,Retail,Southeast,2026-05-09,2026-05-15,
L01040,2025-07-28,Referral,Manufacturing,Northeast,2025-08-08,2025-08-28,
L01041,2025-08-05,Paid Search,Technology,West,2025-08-14,,
L01042,2026-04-12,Partner,Professional Services,Northeast,,,
L01043,2025-03-28,Outbound,Retail,Southeast,2025-04-07,2025-04-11,C0147
L01044,2025-06-07,Partner,Healthcare,West,2025-06-13,2025-06-21,
L01045,2025-09-22,Partner,Professional Services,Midwest,2025-10-03,2025-10-14,
L01046,2025-01-30,Event,Retail,West,2025-02-03,,
L01047,2025-09-21,Referral,Financial Services,West,2025-09-28,2025-10-03,
L01048,2025-09-26,Partner,Manufacturing,Southeast,,,
L01049,2025-01-09,Organic Search,Healthcare,West,,,
L01050,2025-09-17,Paid Search,Financial Services,West,2025-09-20,,
L01051,2025-07-12,Referral,Professional Services,West,2025-07-21,2025-07-31,
L01052,2025-02-02,Referral,Healthcare,Northeast,,,
L01053,2026-07-29,Organic Search,Manufacturing,West,2026-08-08,,
L01054,2025-11-17,Referral,Retail,Northeast,,,
L01055,2025-11-16,Event,Financial Services,Midwest,,,
L01056,2025-07-16,Referral,Retail,Northeast,2025-07-29,2025-08-06,C0193
L01057,2025-02-07,Organic Search,Healthcare,Midwest,2025-02-22,2025-03-10,
L01058,2025-02-10,Event,Financial Services,Southeast,2025-02-28,2025-02-20,C0205
L01059,2025-06-30,Partner,Manufacturing,Northeast,,,
L01060,2025-12-11,Partner,Retail,Northeast,2025-12-28,2025-12-29,
L01061,2025-01-31,Paid Search,Technology,Southeast,,,
L01062,2025-04-09,Partner,Retail,West,,,
L01063,2025-04-19,Partner,Healthcare,West,2025-05-07,,
L01064,2026-01-25,Referral,Technology,Northeast,2026-02-13,,
L01065,2026-04-06,Outbound,Financial Services,Midwest,2026-04-08,2026-05-01,
L01066,2026-02-06,Event,Technology,West,,,
L01067,2025-09-06,Outbound,Manufacturing,Northeast,2025-09-12,,
L01068,2025-04-17,Partner,Technology,West,2025-04-21,2025-05-01,
L01069,2026-02-25,Outbound,Professional Services,Midwest,,,
L01070,2025-05-25,Outbound,Professional Services,Midwest,2025-05-27,,
L01071,2026-01-16,Event,Manufacturing,Southeast,2026-01-28,2026-02-04,
L01072,2025-12-04,Organic Search,Retail,Southeast,2025-12-16,2025-12-31,C0108
L01073,2026-02-12,Organic Search,Manufacturing,West,,,
L01074,2025-01-17,Partner,Retail,Northeast,,,
L01075,2025-12-24,Organic Search,Retail,West,2025-12-28,,
L01076,2026-05-06,Paid Search,Retail,Midwest,,,
L01077,2025-02-28,Event,Retail,Midwest,2025-03-14,2025-03-17,C0171
L01078,2026-07-08,Organic Search,Healthcare,Midwest,2026-07-15,2026-07-21,
L01079,2026-02-19,Referral,Financial Services,West,2026-03-06,,
L01080,2026-03-23,Organic Search,Manufacturing,Southeast,2026-04-04,2026-04-04,C0146
L01081,2025-09-24,Event,Technology,Southeast,,,
L01082,2025-07-28,Outbound,Technology,West,,,
L01083,2025-01-08,Partner,Retail,Northeast,,,
L01084,2025-06-19,Event,Retail,Northeast,,,
L01085,2025-03-01,Referral,Healthcare,Southeast,2025-03-10,,
L01086,2025-09-18,Organic Search,Manufacturing,Midwest,2025-09-22,,
L01087,2025-11-04,Referral,Technology,Northeast,2025-11-17,,
L01088,2025-09-03,Event,Healthcare,West,,,
L01089,2025-05-07,Referral,Financial Services,West,,,
L01090,2026-03-30,Partner,Financial Services,Southeast,2026-04-18,,
L01091,2026-01-02,Organic Search,Technology,Southeast,,,
L01092,2025-11-16,Organic Search,Manufacturing,Midwest,,,
L01093,2025-03-12,Referral,Healthcare,Midwest,2025-03-20,2025-04-02,C0227
L01094,2026-05-19,Outbound,Professional Services,Southeast,2026-05-28,,
L01095,2026-04-19,Outbound,Healthcare,West,,,
L01096,2025-07-11,Event,Professional Services,Southeast,,,
L01097,2025-01-03,Paid Search,Professional Services,West,,,
L01098,2026-06-28,Organic Search,Manufacturing,Midwest,,,
L01099,2025-04-24,Organic Search,Healthcare,Midwest,,,
L01100,2026-07-18,Event,Retail,Midwest,,,
L01101,2025-07-11,Partner,Financial Services,Northeast,2025-07-17,2025-08-05,
L01102,2025-10-01,Outbound,Technology,Midwest,2025-10-08,2025-10-17,
L01103,2025-08-09,Paid Search,Retail,Southeast,2025-08-14,,
L01104,2025-05-06,Event,Professional Services,Midwest,,,
L01105,2025-12-21,Referral,Healthcare,Northeast,2026-01-05,,
L01106,2025-10-23,Outbound,Professional Services,Midwest,,,
L01107,2026-04-07,Organic Search,Technology,Midwest,,,
L01108,2025-06-21,Partner,Technology,Midwest,2025-06-24,2025-07-11,C0209
L01109,2026-01-21,Outbound,Manufacturing,Midwest,2026-01-29,,
L01110,2026-06-15,Referral,Financial Services,Northeast,2026-07-01,,
L01111,2025-07-11,Organic Search,Technology,Northeast,,,
L01112,2025-05-31,Event,Manufacturing,Northeast,2025-06-04,,
L01113,2026-07-26,Partner,Retail,Northeast,,,
L01114,2026-04-07,Paid Search,Manufacturing,Midwest,2026-04-19,,
L01115,2025-07-10,Paid Search,Financial Services,West,2025-07-27,2025-07-22,C0127
L01116,2025-08-19,Organic Search,Healthcare,West,2025-08-22,,
L01117,2026-02-04,Referral,Manufacturing,Southeast,,,
L01118,2025-11-26,Outbound,Professional Services,Midwest,,,
L01119,2026-07-18,Organic Search,Manufacturing,Southeast,,,
L01120,2025-12-06,Paid Search,Retail,West,2025-12-13,2025-12-23,C0102
L01121,2025-03-09,Paid Search,Technology,Northeast,2025-03-18,2025-04-12,
L01122,2026-03-03,Event,Financial Services,West,2026-03-13,2026-03-11,
L01123,2025-08-10,Paid Search,Financial Services,West,2025-08-14,,
L01124,2025-02-20,Outbound,Professional Services,Southeast,,,
L01125,2025-12-14,Paid Search,Manufacturing,Southeast,2025-12-24,2025-12-31,C0055
L01126,2025-07-03,Event,Professional Services,Midwest,2025-07-12,,
L01127,2025-09-27,Event,Manufacturing,Northeast,2025-09-30,2025-10-20,
L01128,2025-06-24,Event,Manufacturing,Southeast,2025-07-05,,
L01129,2025-04-03,Paid Search,Retail,Southeast,2025-04-09,,
L01130,2026-04-07,Event,Financial Services,Northeast,2026-04-11,2026-05-12,
L01131,2025-01-21,Outbound,Retail,Southeast,2025-01-26,2025-02-01,
L01132,2025-11-09,Event,Financial Services,West,,,
L01133,2026-07-15,Event,Manufacturing,Midwest,,,
L01134,2025-11-14,Organic Search,Healthcare,Midwest,2025-11-16,,
L01135,2026-07-21,Outbound,Retail,Southeast,2026-07-25,2026-08-18,
L01136,2025-09-30,Paid Search,Professional Services,Southeast,2025-10-06,2025-10-09,C0117
L01137,2025-12-22,Paid Search,Manufacturing,Southeast,2026-01-04,,
L01138,2026-01-16,Organic Search,Retail,West,,,
L01139,2026-01-13,Partner,Healthcare,Midwest,,,
L01140,2026-07-30,Organic Search,Healthcare,West,,,
L01141,2026-05-22,Outbound,Retail,Midwest,2026-06-10,,
L01142,2025-07-21,Paid Search,Financial Services,Southeast,,,
L01143,2026-07-23,Partner,Retail,Northeast,,,
L01144,2025-11-03,Event,Retail,Northeast,,,
L01145,2026-06-15,Organic Search,Financial Services,Northeast,2026-07-01,2026-06-24,
L01146,2026-03-19,Paid Search,Healthcare,Northeast,,,
L01147,2025-10-22,Partner,Financial Services,Midwest,2025-10-26,,
L01148,2025-11-02,Partner,Healthcare,West,2025-11-13,2025-11-14,C0015
L01149,2025-11-15,Outbound,Financial Services,West,2025-11-24,,
L01150,2026-07-02,Outbound,Retail,Northeast,,,
L01151,2025-02-28,Outbound,Retail,West,2025-03-11,2025-04-04,
L01152,2025-08-08,Partner,Healthcare,Midwest,2025-08-11,,
L01153,2025-09-21,Paid Search,Retail,Southeast,,,
L01154,2025-11-02,Paid Search,Financial Services,Midwest,2025-11-17,2025-11-13,C0285
L01155,2025-01-06,Partner,Healthcare,Southeast,2025-01-15,,
L01156,2026-07-10,Paid Search,Financial Services,Southeast,2026-07-27,2026-07-22,
L01157,2026-07-02,Referral,Retail,Southeast,,,
L01158,2026-04-19,Event,Manufacturing,Northeast,,,
L01159,2025-09-15,Paid Search,Retail,Southeast,2025-10-02,2025-10-15,
L01160,2025-08-03,Partner,Manufacturing,Northeast,,,
L01161,2025-11-06,Outbound,Retail,Midwest,,,
L01162,2026-03-23,Organic Search,Manufacturing,Southeast,2026-04-08,2026-04-02,C0159
L01163,2025-12-24,Paid Search,Technology,Southeast,2025-12-29,2026-01-21,
L01164,2025-10-09,Paid Search,Financial Services,West,2025-10-23,2025-11-06,
L01165,2025-12-12,Partner,Retail,Midwest,,,
L01166,2025-04-06,Referral,Financial Services,Southeast,2025-04-12,2025-04-23,C0156
L01167,2026-03-24,Referral,Manufacturing,Northeast,,,
L01168,2026-06-18,Organic Search,Healthcare,Northeast,,,
L01169,2026-03-04,Paid Search,Financial Services,West,,,
L01170,2026-02-06,Referral,Manufacturing,West,2026-02-24,,
L01171,2025-04-18,Organic Search,Financial Services,Southeast,,,
L01172,2025-12-17,Partner,Financial Services,Southeast,2025-12-26,2026-01-13,
L01173,2025-01-17,Referral,Manufacturing,Midwest,2025-01-25,2025-02-02,
L01174,2025-07-09,Outbound,Financial Services,Northeast,,,
L01175,2025-02-08,Organic Search,Manufacturing,Southeast,,,
L01176,2026-06-27,Organic Search,Retail,Southeast,,,
L01177,2026-01-11,Organic Search,Technology,Northeast,2026-01-16,2026-01-25,
L01178,2025-09-05,Outbound,Healthcare,Northeast,2025-09-18,2025-09-17,C0101
L01179,2025-03-07,Outbound,Financial Services,Southeast,2025-03-14,,
L01180,2026-04-05,Outbound,Manufacturing,Southeast,2026-04-16,,
L01181,2025-03-11,Event,Retail,Midwest,,,
L01182,2026-03-09,Outbound,Technology,Northeast,,,
L01183,2025-05-04,Outbound,Manufacturing,Southeast,,,
L01184,2026-03-03,Organic Search,Healthcare,Northeast,,,
L01185,2025-05-24,Partner,Retail,West,2025-05-26,,
L01186,2025-10-23,Partner,Manufacturing,Northeast,2025-10-31,,
L01187,2025-03-27,Outbound,Retail,Northeast,2025-04-13,2025-04-27,
L01188,2026-05-01,Partner,Manufacturing,West,2026-05-17,,
L01189,2025-02-03,Outbound,Healthcare,Northeast,2025-02-10,2025-02-11,C0154
L01190,2026-02-03,Outbound,Retail,West,2026-02-12,,
L01191,2026-01-19,Event,Professional Services,Northeast,2026-01-28,2026-02-06,
L01192,2025-08-28,Partner,Retail,Northeast,2025-09-12,2025-09-09,
L01193,2025-02-04,Referral,Technology,Midwest,2025-02-08,2025-02-13,C0100
L01194,2025-03-29,Paid Search,Healthcare,Southeast,2025-04-01,2025-04-25,C0251
L01195,2025-08-20,Paid Search,Manufacturing,Northeast,2025-08-30,,
L01196,2025-11-16,Paid Search,Professional Services,West,2025-11-30,,
L01197,2026-05-30,Event,Healthcare,West,2026-06-16,2026-06-09,
L01198,2026-07-13,Outbound,Professional Services,West,2026-07-26,2026-08-09,
L01199,2025-11-12,Outbound,Healthcare,Northeast,,,
L01200,2025-06-28,Referral,Financial Services,Northeast,2025-07-16,2025-07-27,C0023
